"","time","S","I","R","Total","Diff_S","Diff_I","Diff_R","Diff_Total"
"1",1,99.9999,1e-04,0,1e-04,0,0,0,0
"2",2,99.9998667895515,0.000122140285456903,1.10701630110502e-05,0.000133210448467953,-2.00373051484348e-12,1.96164129861662e-12,6.14824082487489e-14,2.02312372041789e-12
"3",3,99.9998262262645,0.000149182453606077,2.4591281833816e-05,0.000173773735439893,-1.08713038571295e-11,1.02748174822965e-11,6.01448304002458e-13,1.08762658167921e-11
"4",4,99.9997766822636,0.000182211749363257,4.11059870350545e-05,0.000223317736398311,-3.28412852468318e-11,3.03579400658636e-11,2.50537484774169e-12,3.28633150152493e-11
"5",5,99.9997161690422,0.000222553835441304,6.12771222906315e-05,0.000283830957731936,-7.83870746090543e-11,7.10366329290373e-11,7.35479964420176e-12,7.83914326681068e-11
"6",6,99.9996422583541,0.000271827530394298,8.59141155154998e-05,0.000357741645909797,-1.64320113071881e-10,1.46440296358314e-10,1.78585206789695e-11,1.64298817172809e-10
"7",7,99.9995519837855,0.000332010424485122,0.000116005789986329,0.00044801621447145,-3.17456283482898e-10,2.78930921437416e-10,3.85321243499565e-11,3.17463045760268e-10
"8",8,99.9994417224227,0.000405517765364231,0.000152759811913623,0.000558277577277854,-5.80129722038691e-10,5.03433230324667e-10,7.66947109390615e-11,5.80127941236623e-10
"9",9,99.9993070493951,0.000495299424292659,0.000197651180641742,0.000692950604934401,-1.01817931863479e-09,8.7412229212748e-10,1.44058850433523e-10,1.01818114280495e-09
"10",10,99.9991425598508,0.000604958571983224,0.000252481577219341,0.000857440149202564,-1.73363901012635e-09,1.47452218100461e-09,2.59139893083512e-10,1.73366207403391e-09
"11",11,99.9989416537476,0.000738895141073543,0.000319451111277683,0.00105834625235123,-2.88318346974847e-09,2.43239114939252e-09,4.50815338889649e-10,2.8832064884448e-09
"12",12,99.9986962679861,0.000902484387913147,0.000401247625942283,0.00130373201385543,-4.70680561193149e-09,3.94287737485663e-09,7.6393233080542e-10,4.70680970609573e-09
"13",13,99.9983965554681,0.00110229083020413,0.000501153701666633,0.00160344453187077,-7.56999440909567e-09,6.30243403906133e-09,1.26755317288348e-09,7.56998721237849e-09
"14",14,99.9980304898197,0.00134633172982371,0.000623178450479937,0.00196951018030365,-1.20276553161602e-08,9.96018649111405e-09,2.06748147096349e-09,1.20276679622944e-08
"15",15,99.9975833820853,0.00164439924426238,0.000772218670461023,0.0024166179147234,-1.89201756484181e-08,1.55949929855643e-08,3.32516841958144e-09,1.8920161405471e-08
"16",16,99.997037292275,0.00200845265005925,0.000954255074947424,0.00296270772500667,-2.95166842079198e-08,2.42306530669027e-08,5.28602549091425e-09,2.95166785579254e-08
"17",17,99.9963703099161,0.00245309785825904,0.00117659222563124,0.00362969008389027,-4.57304736301012e-08,3.74084926871993e-08,8.32197949570887e-09,4.57304721829081e-08
"18",18,99.9955556756025,0.00299617287364435,0.00144815152386953,0.00444432439751388,-7.04408336105189e-08,5.74455472279398e-08,1.29952768871365e-08,7.04408241146426e-08
"19",19,99.9945607086181,0.00365946245209456,0.00177982892983,0.00543929138192456,-1.07974670982003e-07,8.78205828535802e-08,2.015406080913e-08,1.0797464366271e-07
"20",20,99.9933454974847,0.00446957068035735,0.00218493183495007,0.00665450251530741,-1.64826573723076e-07,1.33751080738653e-07,3.10754733477865e-08,1.64826554084271e-07
"21",21,99.9918613014414,0.00545898607703451,0.00267971248154925,0.00813869855858375,-2.507350416181e-07,2.03055272387197e-07,4.76797579031588e-08,2.50735030290355e-07
"22",22,99.9900485991976,0.00666738155955379,0.00328401924282223,0.00995140080237602,-3.80290074986078e-07,3.07439628561591e-07,7.28504227121181e-08,3.80290051272408e-07
"23",23,99.9878347073963,0.00814320084600089,0.00402209175767008,0.012165292603671,-5.75334027530516e-07,4.64421215297384e-07,1.10912790609805e-07,5.75334005905453e-07
"24",24,99.9851308744286,0.00994559398919011,0.00492353158218527,0.0148691255713754,-8.68546166543638e-07,7.00197162684796e-07,1.68348995642324e-07,8.68546158326253e-07
"25",25,99.9818287347053,0.0121467783277048,0.00602448696695584,0.0181712652946607,-1.30879261917016e-06,1.05392675019828e-06,2.54865871880151e-07,1.30879262207062e-06
"26",26,99.977795983701,0.0148349175133045,0.00736909878565434,0.0222040162989589,-1.96910927741101e-06,1.5841198829445e-06,3.84989388534616e-07,1.96910927147478e-06
"27",27,99.9728711041061,0.0181176310330054,0.00901126486089489,0.0271288958939003,-2.95861015331411e-06,2.37816561384288e-06,5.80444533434393e-07,2.95861014728768e-06
"28",28,99.9668569372436,0.0221262704248449,0.0110167923315622,0.0331430627564071,-4.44024672674459e-06,3.56654019757069e-06,8.73706536907298e-07,4.44024673447452e-06
"29",29,99.9595128504193,0.0270211268747397,0.0134660227059513,0.040487149580691,-6.65728492776907e-06,5.34398651813942e-06,1.313298416971e-06,6.6572849351243e-06
"30",30,99.9505451987652,0.0329977688706954,0.0164570323640863,0.0494548012347817,-9.9727662359328e-06,8.00107498642039e-06,1.97169124849933e-06,9.97276623493359e-06
"31",31,99.9395957179983,0.0402947489015912,0.0201095331001046,0.0604042820016957,-1.49282988672894e-05,1.19712166889094e-05,2.95708215821908e-06,1.49282988471389e-05
"32",32,99.9262274108609,0.0492029656355718,0.0245696235035572,0.0737725891391289,-2.23316104808191e-05,1.79006632333167e-05,4.43094725429902e-06,2.23316104876192e-05
"33",33,99.9099074033596,0.0600770233209707,0.0300155733194484,0.0900925966404191,-3.33868687789618e-05,2.67526779891558e-05,6.63419076419799e-06,3.33868687533295e-05
"34",34,99.8899861459955,0.0733489937917829,0.0366648602127133,0.110013854004496,-4.98885459450094e-05,3.99624633280748e-05,9.92608260370204e-06,4.98885459317699e-05
"35",35,99.8656722191586,0.0895450584102685,0.0447827224311315,0.1343277808414,-7.45096093481834e-05,5.9667401375918e-05,1.48422079812791e-05,7.45096093571762e-05
"36",36,99.8360018708424,0.109305586650143,0.0546925425074941,0.163998129157637,-0.000111229567920645,8.904890993916e-05,2.21806579586217e-05,0.000111229567897803
"37",37,99.799802270522,0.133409292470974,0.066788437007051,0.200197729478025,-0.000165969591833459,0.000132839464152296,3.31301276682572e-05,0.000165969591820525
"38",38,99.7556473097974,0.162802194494371,0.081550495708224,0.244352690202595,-0.000247533703657155,0.000198073576979346,4.94601266565614e-05,0.000247533703635894
"39",39,99.7018046268221,0.198632183009546,0.0995631901683353,0.298195373177881,-0.000369001417126924,0.000295198307414063,7.38031097152897e-05,0.000369001417129311
"40",40,99.6361723927083,0.242290052333615,0.121537554958062,0.363827607291677,-0.000549784539543907,0.000439712144837318,0.000110072394685176,0.00054978453952248
"41",41,99.55620429884,0.295457869367106,0.148337831792942,0.443795701160048,-0.000818657990592442,0.000654577768702425,0.00016408022187489,0.000818657990577287
"42",42,99.458821163352,0.360165485163348,0.181013351484699,0.541178836648047,-0.00121821349048901,0.000973763483738954,0.000244450006732316,0.00121821349047124
"43",43,99.3403076921419,0.438855806718591,0.220836501139507,0.659692307858099,-0.00181138182958307,0.00144742223900229,0.000363959590584745,0.00181138182958729
"44",44,99.1961932716764,0.534459059884236,0.269347668439368,0.803806728323604,-0.00269094459548569,0.00214943127511291,0.000541513320361509,0.00269094459547436
"45",45,99.0211163614836,0.650475591741473,0.328408046774939,0.978883638516412,-0.00399333430033266,0.00318830733930175,0.000805026960999489,0.00399333430030135
"46",46,98.8086732641427,0.791065647439904,0.40026108841744,1.19132673585734,-0.00591852961774464,0.00472290016120891,0.00119562945650736,0.00591852961771622
"47",47,98.5512540048741,0.961142838730785,0.487603156395161,1.44874599512595,-0.00875851349471191,0.0069847637648599,0.00177374972982697,0.00875851349468726
"48",48,98.2398710324456,1.16646548896681,0.593663478587626,1.76012896755443,-0.0129375851101514,0.0103097090650897,0.00262787604503423,0.0129375851101243
"49",49,97.8639907808539,1.41371646230322,0.722292756842924,2.13600921914614,-0.0190687743413349,0.0151817151401981,0.0038870592011071,0.019068774341306
"50",50,97.4113841280639,1.71055725749796,0.878058614438133,2.5886158719361,-0.0280315979437376,0.0222930164234167,0.00573858152027229,0.0280315979436896
"51",51,96.8680196782561,2.06563597594692,1.06634434579695,3.13198032174387,-0.041077185799864,0.0326245677948114,0.00845261800503638,0.0410771857998484
"52",52,96.2180335321092,2.4885214335518,1.29344503433905,3.78196646789084,-0.0599669442575674,0.0475508140068737,0.0124161302506456,0.0599669442575217
"53",53,95.4438202031949,2.98952785748706,1.56665193931809,4.55617979680515,-0.0871496506925808,0.0689710897636857,0.018178560928868,0.087149650692556
"54",54,94.5263000599551,3.57938780133301,1.89431213871189,5.4736999400449,-0.125978037684504,0.0994660792510205,0.0265119584334248,0.125978037684448
"55",55,93.4454262092785,4.26872781278157,2.28584597793994,6.5545737907215,-0.180958004896823,0.142470337097517,0.0384876677992403,0.180958004896763
"56",56,92.1809934408288,5.06730608254527,2.75170047662592,7.81900655917119,-0.258009961967815,0.202439702451664,0.0555702595161112,0.258009961967779
"57",57,90.7137974163972,5.98298906026253,3.30321352334028,9.28620258360281,-0.36470142499951,0.284975002908278,0.0797264220911642,0.364701424999447
"58",58,89.0271567773364,7.0204802004951,3.95236302216855,10.9728432226636,-0.510383761473676,0.396842124089328,0.11354163738427,0.510383761473605
"59",59,87.1087491958643,8.17987163223336,4.71137917190238,12.8912508041357,-0.706138631765398,0.545808221848079,0.160330409917239,0.706138631765324
"60",60,84.9526255980491,9.45516558123331,5.59220882071764,15.0473744019509,-0.964421573018242,0.74020439200503,0.224217181013148,0.964421573018186
"61",61,82.5611667728167,10.8329936006856,6.60583962649772,17.4388332271833,-1.29829742595155,0.988140828705257,0.310156597246238,1.2982974259515
"62",62,79.9466592667754,12.2918228133815,7.7615179198431,20.0533407332246,-1.72021286817026,1.29635606984903,0.423856798321163,1.72021286817021
"63",63,77.1321299077282,13.8019460245809,9.06592406769091,22.8678700922718,-2.24035540492258,1.6687831624611,0.571572242461414,2.24035540492252
"64",64,74.1511268569869,15.3264772989078,10.5223958441053,25.8488731430131,-2.86479488282409,2.1050475410065,0.759747341817537,2.86479488282404
"65",65,71.0462861113099,16.8234089896942,12.1303048989959,28.9537138886901,-3.59375143846901,2.59923142432879,0.994520014140168,3.59375143846896
"66",66,67.8667543830141,18.2485596568587,13.8846859601272,32.133245616986,-4.42041667230608,3.13928571430375,1.28113095800227,4.42041667230602
"67",67,64.6647901183243,19.5590200495066,15.776189832169,35.3352098816757,-5.33071007830474,3.70739030765227,1.62331977065239,5.33071007830466
"68",68,61.4920516362377,20.7165644101881,17.7913839535742,38.5079483637623,-6.30416149351608,4.28135200389666,2.02280948961935,6.30416149351601
"69",69,58.3961392045253,21.690491219291,19.9133695761837,41.6038607954747,-7.31582340976296,4.83684732857435,2.47897608118856,7.3158234097629
"70",70,55.4178695158576,22.4594936216501,22.1226368624924,44.5821304841424,-8.33884080980314,5.35007376830021,2.98876704150291,8.33884080980309
"71",71,52.589565587453,23.0123843231012,24.3980500894458,47.410434412547,-9.34714961154568,5.8002667872063,3.54688282433935,9.34714961154563
"72",72,49.9344153330266,23.3477349877176,26.7178496792557,50.0655846669734,-10.3177908553582,6.17160824254475,4.14618261281344,10.3177908553582
"73",73,47.4667587658086,23.4726678832805,29.0605733509109,52.5332412341914,-11.2324902872507,6.45425237819068,4.77823790906,11.2324902872507
"74",74,45.1930487302591,23.4011237454993,31.4058275242416,54.8069512697409,-12.0783806361219,6.64443830667059,5.43394232945127,12.0783806361218
"75",75,43.1131988668014,23.1519281252898,33.7348730079088,56.8868011331986,-12.8479488567755,6.74385544660885,6.10409341016665,12.8479488567755
"76",76,41.2220647944945,22.7469167327618,36.0310184727438,58.7779352055056,-13.5384179216113,6.75853305784223,6.77988486376908,13.5384179216113
"77",77,39.5108701789219,22.2092928402759,38.2798369808022,60.4891298210781,-14.1508116580294,6.69753567874314,7.45327597928625,14.1508116580293
"78",78,37.9684618433472,21.5623043620369,40.4692337946158,62.0315381566528,-14.6889229919122,6.5716922998755,8.11723069203664,14.6889229919121
"79",79,36.582340426562,20.8282606646494,42.5893989087887,63.4176595734381,-15.1583437201735,6.39250603450488,8.76583768566858,15.1583437201734
"80",80,35.3394581593825,20.0278645042829,44.6326773363346,64.6605418406175,-15.5656461548493,6.17131258489523,9.39433356995403,15.5656461548492
"81",81,34.2268029408617,19.1798106825815,46.5933863765567,65.7731970591383,-15.9177509023173,5.91869604586014,9.99905485645711,15.9177509023172
"82",82,33.2318014255831,18.300594842426,48.4676037319909,66.768198574417,-16.221476964447,5.6441336805229,10.5773432839241,16.2214769644469
"83",83,32.3425776641331,17.4044776270908,50.2529447087761,67.657422335867,-16.4832493486708,5.35582414496875,11.127425203702,16.4832493486707
"84",84,31.5481014268025,16.5035571292154,51.9483414439821,68.4518985731976,-16.7089307706497,5.06064971338001,11.6482810572697,16.7089307706496
"85",85,30.8382583478111,15.6079079582945,53.5538336938944,69.1617416521889,-16.9037468138815,4.76423144742494,12.1395153664565,16.9037468138814
"86",86,30.2038618201921,14.7257633688664,55.0703748109415,69.7961381798079,-17.0722716259927,4.47103548055139,12.6012361454413,17.0722716259926
"87",87,29.6366292818192,13.8637130561801,56.4996576620007,70.3633707181808,-17.2184552451211,4.1845094026932,13.0339458424278,17.218455245121
"88",88,29.1291344233424,13.0269053618456,57.843960214812,70.8708655766576,-17.3456731294907,3.9072262674136,13.438446862077,17.3456731294906
"89",89,28.6747472140027,12.2192414127051,59.1060113732922,71.3252527859973,-17.4567877659975,3.64102666267515,13.8157611033224,17.4567877659975
"90",90,28.2675672011846,11.4435573128759,60.2888754859395,71.7324327988154,-17.5542128404232,3.38714947729272,14.1670633631304,17.5542128404231
"91",91,27.9023554654702,10.7017902988635,61.3958542356663,72.0976445345298,-17.6399756621652,3.14634848133496,14.4936271808302,17.6399756621652
"92",92,27.5744681325908,9.99512749595009,62.4304043714591,72.4255318674092,-17.7157748603049,2.91899338353641,14.7967814767685,17.7157748603049
"93",93,27.2797934043562,9.32413721492149,63.3960693807223,72.7202065956438,-17.7830320691337,2.70515548955698,15.0778765795767,17.7830320691337
"94",94,27.0146930625351,8.6888834535556,64.2964234839093,72.9853069374649,-17.8429370807076,2.50467902973618,15.3382580509714,17.8429370807076
"95",95,26.7759489670872,8.08902476701398,65.1350262658988,73.2240510329128,-17.8964866454842,2.31723963727799,15.5792470082062,17.8964866454842
"96",96,26.5607146368888,7.52389888662244,65.9153864764887,73.4392853631111,-17.9445173621153,2.14239164761,15.8021257145053,17.9445173621153
"97",97,26.3664717918554,6.99259456780532,66.6409336403393,73.6335282081446,-17.9877332798973,1.97960586891605,16.0081274109812,17.9877332798973
"98",98,26.1909915882192,6.494012136781,67.3149962749998,73.8090084117808,-18.0267288825018,1.82829936878176,16.19842951372,18.0267288825017
"99",99,26.0323002034324,6.02691413927872,67.9407856572889,73.9676997965676,-18.0620081111688,1.68785866230232,16.3741494488665,18.0620081111688
"100",100,25.8886483929254,5.5899673927176,68.521384214357,74.1113516070745,-18.0940000382555,1.55765751056996,16.5363425276855,18.0940000382555
"101",101,25.7584846344111,5.18177762559671,69.0597377399922,74.2415153655889,-18.1230717246902,1.43707033284404,16.6860013918461,18.1230717246902
"102",102,25.6404314862771,4.80091776479903,69.5586507489239,74.3595685137228,-18.1495388003572,1.32548224507546,16.8240565552817,18.1495388003572
"103",103,25.5332648075548,4.44595081054052,70.0207843819047,74.4667351924452,-18.1736740614794,1.22229616411103,16.9513778973683,18.1736740614794
"104",104,25.4358955134237,4.11544812407369,70.4486563625026,74.5641044865763,-18.1957145349648,1.12693784158759,17.0687766933772,18.1957145349648
"105",105,25.3473535690004,3.80800384731529,70.8446425836843,74.6526464309996,-18.2158672345368,1.03885914504212,17.1770080894947,18.2158672345368
"106",106,25.2667739532938,3.52224607741543,71.2109799692907,74.7332260467062,-18.2343138957047,0.957540084574069,17.2767738111306,18.2343138957047
"107",107,25.1933843534261,3.25684533315413,71.5497703134197,74.8066156465738,-18.2512148460467,0.8824898123264,17.3687250337203,18.2512148460467
"108",108,25.1264943757919,3.01052077368638,71.8629848505217,74.8735056242081,-18.2667121876962,0.813246868490665,17.4534653192055,18.2667121876962
"109",109,25.0654860853734,2.78204456299229,72.1524693516343,74.9345139146265,-18.2809324196476,0.749378878288173,17.5315535413594,18.2809324196476
"110",110,25.0098057067854,2.57024471469971,72.4199495785149,74.9901942932146,-18.2939886076717,0.690481844522317,17.6035067631493,18.2939886076717
"111",111,24.9589563407713,2.37400670094085,72.6670369582878,75.0410436592286,-18.3059821858884,0.636179159621405,17.669803026267,18.3059821858884
"112",112,24.9124915678948,2.1922740647791,72.8952343673261,75.0875084321052,-18.3170044600389,0.586120427427078,17.7308840326118,18.3170044600389
"113",113,24.8700098271827,2.02404823772222,73.1059419350951,75.1299901728172,-18.3271378679785,0.53998016658686,17.7871577013916,18.3271378679785
"114",114,24.8311494716434,1.86838773119593,73.3004627971607,75.1688505283566,-18.3364570423396,0.497456449504954,17.8390005928347,18.3364570423396
"115",115,24.7955844150605,1.72440684291788,73.4800087420216,75.2044155849394,-18.3450297115909,0.458269517180831,17.8867601944101,18.3450297115909
"116",116,24.7630202954271,1.5912739952813,73.6457057092916,75.2369797045729,-18.3529174685718,0.422160400014713,17.930757068557,18.3529174685718
"117",117,24.7331910899809,1.46820980258593,73.7985991074331,75.266808910019,-18.3601764299739,0.388889566224592,17.9712868637493,18.3601764299739
"118",118,24.7058561252022,1.35448494676015,73.9396589280377,75.2941438747978,-18.3668578056674,0.358235613229199,18.0086221924382,18.3668578056674
"119",119,24.6807974324527,1.24941792667616,74.0697846408711,75.3192025675473,-18.3730083931351,0.329994012403217,18.0430143807319,18.3730083931351
"120",120,24.657817406326,1.15237273389724,74.1898098597767,75.342182593674,-18.3786710093619,0.30397591385095,18.0746950955109,18.3786710093619
"121",121,24.6367367283291,1.06275649738581,74.3005067742851,75.3632632716709,-18.3838848701908,0.280007015001845,18.1038778551889,18.3838848701908
"122",122,24.6173925233521,0.980017131060675,74.4025903455872,75.3826074766478,-18.3886859252907,0.257926494689565,18.1307594306011,18.3886859252907
"123",123,24.5996367205819,0.903641010874792,74.4967222685434,75.4003632794181,-18.3931071553838,0.237586012800162,18.1555211425836,18.3931071553838
"124",124,24.583334594161,0.833150702079474,74.5835147037595,75.4166654058389,-18.3971788371832,0.218848774427008,18.1783300627561,18.3971788371832
"125",125,24.5683634620651,0.768102752363731,74.6635337855711,75.4316365379348,-18.4009287804792,0.201588656589796,18.1993401238893,18.4009287804792
"126",126,24.5546115244164,0.708085562451005,74.7373029131326,75.4453884755835,-18.4043825414265,0.185689395460062,18.2186931459663,18.4043825414265
"127",127,24.5419768248419,0.652717342364921,74.8053058327932,75.4580231751581,-18.4075636143181,0.17104383052345,18.2365197837945,18.4075636143181
"128",128,24.5303663205532,0.601644158825225,74.8679895206216,75.4696336794468,-18.4104936050872,0.157553203314086,18.2529404017731,18.4104936050872
"129",129,24.5196950486262,0.554538077005894,74.9257668743679,75.4803049513737,-18.4131923890539,0.145126507735868,18.2680658813179,18.4131923890539
"130",130,24.5098853775173,0.511095398095359,74.9790192243873,75.4901146224826,-18.4156782538775,0.133679888267054,18.2819983656103,18.4156782538775
"131",131,24.500866334213,0.471034992672154,75.0280986731148,75.4991336657869,-18.4179680297437,0.123136083306761,18.2948319464369,18.4179680297437
"132",132,24.4925729986003,0.434096728773312,75.0733302726264,75.5074270013997,-18.4200772081539,0.113423910642546,18.3066532975113,18.4200772081539
"133",133,24.484945957557,0.400039992734821,75.1150140497082,75.515054042443,-18.4220200503527,0.104477792063632,18.317542258289,18.4220200503527
"134",134,24.4779308125026,0.368642300077538,75.1534268874198,75.5220691874973,-18.4238096866562,0.0962373144567148,18.3275723721994,18.4238096866562
"135",135,24.4714777344753,0.339697993375348,75.1888242721494,75.5285222655247,-18.4254582073717,0.0886468246957944,18.3368113826758,18.4254582073717
"136",136,24.4655410615723,0.313017023606405,75.2214419148212,75.5344589384276,-18.4269767459834,0.0816550558838682,18.3453216900995,18.4269767459835
"137",137,24.4600789345822,0.288423811300434,75.2514972541173,75.5399210654177,-18.4283755555872,0.0752147826073958,18.3531607729798,18.4283755555872
"138",138,24.455052966712,0.265756183631839,75.2791908496562,75.544947033288,-18.4296640790441,0.0692825030373052,18.3603815760067,18.4296640790441
"139",139,24.4504279439182,0.244864383551514,75.3047076725303,75.5495720560818,-18.430851013405,0.0638181458482776,18.3670328675566,18.430851013405
"140",140,24.4461715527553,0.22561014704971,75.328218300195,75.5538284472446,-18.4319443691149,0.0587848000636085,18.3731595690513,18.4319443691149
"141",141,24.4422541329882,0.207865844682628,75.3498800223292,75.5577458670117,-18.4329515244423,0.0541484660684305,18.3788030583738,18.4329515244423
"142",142,24.4386484525211,0.191513683575197,75.3698378639037,75.5613515474788,-18.4338792755361,0.0498778261596626,18.3840014493764,18.4338792755362
"143",143,24.4353295024614,0.176444966218765,75.3882255313198,75.5646704975386,-18.4347338824761,0.0459440331204307,18.3887898493556,18.4347338824761
"144",144,24.4322743103722,0.162559402509346,75.4051662871184,75.5677256896277,-18.435521111647,0.0423205154187406,18.3932005962282,18.435521111647
"145",145,24.4294617699742,0.149764471613419,75.4207737584124,75.5705382300258,-18.4362462747383,0.0389827977350714,18.3972634770032,18.4362462747383
"146",146,24.4268724857403,0.137974830399221,75.4351526838605,75.5731275142596,-18.436914264645,0.0359083356215552,18.4010059290234,18.436914264645
"147",147,24.4244886309895,0.127111765328333,75.4483996036821,75.5755113690104,-18.4375295885189,0.033076363186678,18.4044532253321,18.4375295885189
"148",148,24.4222938182264,0.117102684861811,75.4606034969118,75.5777061817736,-18.4380963982023,0.030467752784293,18.407628645418,18.4380963982023
"149",149,24.4202729806032,0.107880649594926,75.4718463698019,75.5797270193968,-18.4386185182522,0.0280648857645019,18.4105536324876,18.4386185182523
"150",150,24.418412263491,0.0993839374925643,75.4822037990164,75.581587736509,-18.439099471749,0.0258515334169651,18.4132479383319,18.439099471749
"151",151,24.4166989252488,0.0915556417522703,75.4917454329989,75.5833010747511,-18.4395425040658,0.0238127473047971,18.4157297567609,18.4395425040658
"152",152,24.4151212463669,0.0843432989723812,75.5005354546607,75.5848787536331,-18.4399506047614,0.0219347582497318,18.4180158465116,18.4399506047614
"153",153,24.4136684462414,0.0776985454481013,75.5086330083105,75.5863315537586,-18.4403265277446,0.0202048832870314,18.4201216444574,18.4403265277445
"154",154,24.4123306069083,0.0715767995579314,75.5160925935338,75.5876693930917,-18.4406728098484,0.0186114399619993,18.4220613698863,18.4406728098484
"155",155,24.4110986031278,0.0659369683362902,75.5229644285359,75.5889013968721,-18.4409917879396,0.0171436673892371,18.4238481205502,18.4409917879395
"156",156,24.4099640382678,0.0607411764551717,75.529294785277,75.5900359617322,-18.441285614678,0.0157916535412665,18.4254939611366,18.441285614678
"157",157,24.4089191854854,0.0559545159581631,75.5351262985564,75.5910808145146,-18.4415562730352,0.0145462682750863,18.42701000476,18.4415562730351
"158",158,24.407956933753,0.051544815204098,75.5404982510429,75.5920430662469,-18.4418055896675,0.013399101643922,18.4284064880235,18.4418055896675
"159",159,24.4070707383156,0.0474824255851003,75.5454468360993,75.5929292616844,-18.4420352472358,0.0123424070770914,18.4296928401587,18.4420352472358
"160",160,24.4062545752022,0.0437400246849209,75.5500054001129,75.5937454247977,-18.4422467957541,0.0113690490437862,18.4308777467103,18.4422467957541
"161",161,24.4055028994517,0.0402924346384558,75.5542046659099,75.5944971005483,-18.4424416630442,0.0104724548468659,18.4319692081972,18.4424416630441
"162",162,24.4048106067383,0.0371164545423779,75.5580729387193,75.5951893932616,-18.4426211643659,0.00964657022068084,18.4329745941451,18.4426211643659
"163",163,24.4041729981154,0.03419070585014,75.5616362960344,75.5958270018845,-18.4427865112895,0.00888581843266299,18.4339006928568,18.4427865112896
"164",164,24.4035857476154,0.0314954897624802,75.5649187626222,75.5964142523846,-18.4429388198681,0.00818506261212217,18.4347537572559,18.4429388198681
"165",165,24.4030448724702,0.0290126556972369,75.5679424718326,75.5969551275298,-18.4430791181663,0.00753957105151662,18.4355395471147,18.4430791181663
"166",166,24.4025467057362,0.0267254799900239,75.5707278142737,75.5974532942637,-18.4432083531959,0.00694498524557651,18.4362633679502,18.4432083531959
"167",167,24.4020878711244,0.024618554040404,75.5732935748351,75.5979121288755,-18.4433273973049,0.00639729045218335,18.4369301068526,18.4433273973049
"168",168,24.4016652598554,0.0226776811768872,75.5756570589677,75.5983347401445,-18.4434370540629,0.00589278857596948,18.4375442654868,18.4434370540629
"169",169,24.4012760093738,0.0208897815686289,75.5778342090576,75.5987239906261,-18.4435380636829,0.00542807319131805,18.4381099904915,18.4435380636829
"170",170,24.4009174837696,0.0192428045623719,75.5798397116681,75.5990825162304,-18.4436311080158,0.00500000653591733,18.4386311014798,18.4436311080159
"171",171,24.4005872557682,0.0177256478701987,75.5816870963616,75.5994127442318,-18.4437168151511,0.00460569831935483,18.4391111168317,18.4437168151511
"172",172,24.4002830901613,0.0163280830772767,75.5833888267614,75.5997169098386,-18.4437957636553,0.00424248620351537,18.4395532774517,18.4437957636553
"173",173,24.4000029285623,0.0150406869792099,75.5849563844585,75.5999970714377,-18.4438684864758,0.00390791782285539,18.4399605686529,18.4438684864758
"174",174,24.3997448753777,0.0138547782960707,75.5864003463262,75.6002551246222,-18.443935474538,0.00359973422304154,18.4403357403149,18.443935474538
"175",175,24.3995071848992,0.012762359344873,75.5877304557559,75.6004928151007,-18.4439971800576,0.00331585460603404,18.4406813254515,18.4439971800576
"176",176,24.399288249423,0.0117560622843573,75.5889556882926,75.6007117505769,-18.444054019593,0.00305436227853029,18.4409996573144,18.444054019593
"177",177,24.3990865883157,0.0108290995756676,75.5900843121087,75.6009134116843,-18.4441063768563,0.00281349170882145,18.4412928851474,18.4441063768563
"178",178,24.3989008379502,0.00997521832997695,75.5911239437199,75.6010991620498,-18.4441546053033,0.00259161660460902,18.4415629886986,18.4441546053033
"179",179,24.3987297424417,0.00918865823952819,75.5920815993187,75.6012702575582,-18.4441990305187,0.00238723893123102,18.4418117915873,18.4441990305187
"180",180,24.3985721451203,0.00846411281203611,75.5929637420677,75.6014278548797,-18.4442399524138,0.00219897879610483,18.4420409736176,18.4442399524138
"181",181,24.3984269806796,0.00779669365010185,75.5937763256704,75.6015730193204,-18.4442776472508,0.00202556513104909,18.4422520821197,18.4442776472508
"182",182,24.3982932679499,0.00718189753733499,75.5945248345128,75.60170673205,-18.4443123695076,0.00186582710954005,18.442446542398,18.4443123695076
"183",183,24.3981701032441,0.00661557611139621,75.5952143206446,75.6018298967559,-18.4443443535951,0.00171868624092505,18.4426256673541,18.4443443535951
"184",184,24.3980566542306,0.00609390792127032,75.5958494378481,75.6019433457694,-18.4443738154396,0.00158314908819063,18.4427906663514,18.4443738154396
"185",185,24.3979521542932,0.00561337268186473,75.5964344730249,75.6020478457067,-18.4444009539407,0.00145830056009679,18.4429426533806,18.4444009539407
"186",186,24.3978558973367,0.00517072755359857,75.5969733751098,75.6021441026633,-18.4444259523134,0.00134329773236999,18.443082654581,18.4444259523134
"187",187,24.397767233004,0.00476298528809442,75.5974697817079,75.6022327669959,-18.444448979325,0.00123736415622224,18.4432116151687,18.444448979325
"188",188,24.3976855622731,0.00438739409349316,75.5979270436335,75.6023144377269,-18.4444701904345,0.00113978461575636,18.4433304058186,18.4444701904345
"189",189,24.3976103334006,0.00404141908436021,75.5983482475151,75.6023896665994,-18.4444897288417,0.00104990029885015,18.4434398285427,18.4444897288417
"190",190,24.397541038188,0.00372272519171255,75.5987362366204,75.602458961812,-18.4445077264542,0.000967104348905507,18.4435406221051,18.4445077264541
"191",191,24.3974772085422,0.00342916141843737,75.5990936300394,75.6025227914577,-18.4445243047776,0.000890837767421826,18.4436334670101,18.4445243047776
"192",192,24.3974184133088,0.00315874633435764,75.5994228403569,75.6025815866911,-18.444539575736,0.000820585639722328,18.4437189900962,18.444539575736
"193",193,24.397364255355,0.00290965471348526,75.5997260899316,75.602635744645,-18.4445536424273,0.0007558736583454,18.4437977687688,18.4445536424273
"194",194,24.3973143688836,0.00268020522364292,75.6000054258928,75.6026856311164,-18.4445665998192,0.000696264920623249,18.4438703348984,18.4445665998192
"195",195,24.3972684169593,0.00246884908568023,75.600262733955,75.6027315830406,-18.4445785353905,0.000641356978822379,18.4439371784116,18.4445785353905
"196",196,24.3972260892307,0.00227415962600466,75.6004997511434,75.6027739107693,-18.4445895297216,0.00059077912292613,18.4439987505985,18.4445895297216
"197",197,24.397187099831,0.00209482265213546,75.6007180775169,75.6028129001689,-18.4445996570383,0.000544189877710857,18.4440554671605,18.4445996570383
"198",198,24.3971511854468,0.0019296275865084,75.6009191869668,75.6028488145532,-18.4446089857132,0.000501274697214555,18.4441077110159,18.4446089857132
"199",199,24.3971181035369,0.00177745929884734,75.6011044371643,75.6028818964631,-18.444617578727,0.000461743841029888,18.4441558348858,18.444617578727
"200",200,24.3970876306939,0.00163729058210797,75.601275078724,75.602912369306,-18.4446254940938,0.000425330418081519,18.4442001636756,18.4446254940938
